operation_group,immediate,plus_0_5s,plus_1_0s
000-start,000-start.png,,
001-return-center,001-return-center-0.png,001-return-center-1.png,001-return-center-2.png
002-aligned-baseline,002-aligned-baseline-0.png,002-aligned-baseline-1.png,002-aligned-baseline-2.png
003-open-create-book,003-open-create-book-0.png,003-open-create-book-1.png,003-open-create-book-2.png
004-open-create-book-fixed,004-open-create-book-fixed-0.png,004-open-create-book-fixed-1.png,004-open-create-book-fixed-2.png
005-local-reload-after-step0-fix,005-local-reload-after-step0-fix-0.png,005-local-reload-after-step0-fix-1.png,005-local-reload-after-step0-fix-2.png
006-open-create-book-refined,006-open-create-book-refined-0.png,006-open-create-book-refined-1.png,006-open-create-book-refined-2.png
007-select-long-novel,007-select-long-novel-0.png,007-select-long-novel-1.png,007-select-long-novel-2.png
008-local-reload-after-selection-fix,008-local-reload-after-selection-fix-0.png,008-local-reload-after-selection-fix-1.png,008-local-reload-after-selection-fix-2.png
009-reopen-create-after-selection-fix,009-reopen-create-after-selection-fix-0.png,009-reopen-create-after-selection-fix-1.png,009-reopen-create-after-selection-fix-2.png
010-select-long-fixed,010-select-long-fixed-0.png,010-select-long-fixed-1.png,010-select-long-fixed-2.png
011-next-to-audience,011-next-to-audience-0.png,011-next-to-audience-1.png,011-next-to-audience-2.png
012-local-reload-after-audience-fix,012-local-reload-after-audience-fix-0.png,012-local-reload-after-audience-fix-1.png,012-local-reload-after-audience-fix-2.png
013-audience-fixed,013-audience-fixed-0.png,013-audience-fixed-1.png,013-audience-fixed-2.png
014-local-reload-audience-size,014-local-reload-audience-size-0.png,014-local-reload-audience-size-1.png,014-local-reload-audience-size-2.png
015-audience-final-size,015-audience-final-size-0.png,015-audience-final-size-1.png,015-audience-final-size-2.png
016-select-female-audience,016-select-female-audience-0.png,016-select-female-audience-1.png,016-select-female-audience-2.png
017-local-reload-female-style,017-local-reload-female-style-0.png,017-local-reload-female-style-1.png,017-local-reload-female-style-2.png
018-female-style-fixed,018-female-style-fixed-0.png,018-female-style-fixed-1.png,018-female-style-fixed-2.png
019-reselect-female-fixed,019-reselect-female-fixed-0.png,019-reselect-female-fixed-1.png,019-reselect-female-fixed-2.png
020-next-to-idea,020-next-to-idea-0.png,020-next-to-idea-1.png,020-next-to-idea-2.png
021-local-reload-idea-fix,021-local-reload-idea-fix-0.png,021-local-reload-idea-fix-1.png,021-local-reload-idea-fix-2.png
022-idea-fixed,022-idea-fixed-0.png,022-idea-fixed-1.png,022-idea-fixed-2.png
023-local-reload-idea-size,023-local-reload-idea-size-0.png,023-local-reload-idea-size-1.png,023-local-reload-idea-size-2.png
024-idea-final-size,024-idea-final-size-0.png,024-idea-final-size-1.png,024-idea-final-size-2.png
025-fill-story-idea,025-fill-story-idea-0.png,025-fill-story-idea-1.png,025-fill-story-idea-2.png
026-generate-template-click,026-generate-template-click-0.png,026-generate-template-click-1.png,026-generate-template-click-2.png
027-confirm-source-template-generation,027-confirm-source-template-generation-0.png,027-confirm-source-template-generation-1.png,027-confirm-source-template-generation-2.png
028-template-generation-after-3s,028-template-generation-after-3s-0.png,028-template-generation-after-3s-1.png,028-template-generation-after-3s-2.png
029-local-reload-template-generator,029-local-reload-template-generator-0.png,029-local-reload-template-generator-1.png,029-local-reload-template-generator-2.png
030-local-template-draft-restored,030-local-template-draft-restored-0.png,030-local-template-draft-restored-1.png,030-local-template-draft-restored-2.png
031-local-back-to-idea,031-local-back-to-idea-0.png,031-local-back-to-idea-1.png,031-local-back-to-idea-2.png
032-local-template-confirm-open,032-local-template-confirm-open-0.png,032-local-template-confirm-open-1.png,032-local-template-confirm-open-2.png
033-confirm-local-template-generation,033-confirm-local-template-generation-0.png,033-confirm-local-template-generation-1.png,033-confirm-local-template-generation-2.png
034-local-template-generation-after-5s,034-local-template-generation-after-5s-0.png,034-local-template-generation-after-5s-1.png,034-local-template-generation-after-5s-2.png
035-local-reload-template-compact,035-local-reload-template-compact-0.png,035-local-reload-template-compact-1.png,035-local-reload-template-compact-2.png
036-local-template-result-restored,036-local-template-result-restored-0.png,036-local-template-result-restored-1.png,036-local-template-result-restored-2.png
037-local-regenerate-template-open,037-local-regenerate-template-open-0.png,037-local-regenerate-template-open-1.png,037-local-regenerate-template-open-2.png
038-confirm-local-template-regeneration,038-confirm-local-template-regeneration-0.png,038-confirm-local-template-regeneration-1.png,038-confirm-local-template-regeneration-2.png
039-local-template-compact-result,039-local-template-compact-result-0.png,039-local-template-compact-result-1.png,039-local-template-compact-result-2.png
040-local-reload-template-spacing,040-local-reload-template-spacing-0.png,040-local-reload-template-spacing-1.png,040-local-reload-template-spacing-2.png
041-template-result-final-spacing,041-template-result-final-spacing-0.png,041-template-result-final-spacing-1.png,041-template-result-final-spacing-2.png
042-confirm-template,042-confirm-template-0.png,042-confirm-template-1.png,042-confirm-template-2.png
043-open-ai-naming-confirm,043-open-ai-naming-confirm-0.png,043-open-ai-naming-confirm-1.png,043-open-ai-naming-confirm-2.png
044-cancel-old-naming-confirm,044-cancel-old-naming-confirm-0.png,044-cancel-old-naming-confirm-1.png,044-cancel-old-naming-confirm-2.png
045-local-reload-naming-fix,045-local-reload-naming-fix-0.png,045-local-reload-naming-fix-1.png,045-local-reload-naming-fix-2.png
046-naming-fixed,046-naming-fixed-0.png,046-naming-fixed-1.png,046-naming-fixed-2.png
047-open-ai-naming-confirm-fixed,047-open-ai-naming-confirm-fixed-0.png,047-open-ai-naming-confirm-fixed-1.png,047-open-ai-naming-confirm-fixed-2.png
048-confirm-ai-naming,048-confirm-ai-naming-0.png,048-confirm-ai-naming-1.png,048-confirm-ai-naming-2.png
049-ai-naming-after-5s,049-ai-naming-after-5s-0.png,049-ai-naming-after-5s-1.png,049-ai-naming-after-5s-2.png
050-local-reload-ai-naming-fix,050-local-reload-ai-naming-fix-0.png,050-local-reload-ai-naming-fix-1.png,050-local-reload-ai-naming-fix-2.png
051-local-naming-draft-restored,051-local-naming-draft-restored-0.png,051-local-naming-draft-restored-1.png,051-local-naming-draft-restored-2.png
052-open-ai-naming-confirm-final,052-open-ai-naming-confirm-final-0.png,052-open-ai-naming-confirm-final-1.png,052-open-ai-naming-confirm-final-2.png
053-confirm-local-ai-naming-final,053-confirm-local-ai-naming-final-0.png,053-confirm-local-ai-naming-final-1.png,053-confirm-local-ai-naming-final-2.png
054-confirm-source-ai-naming-final,054-confirm-source-ai-naming-final-0.png,054-confirm-source-ai-naming-final-1.png,054-confirm-source-ai-naming-final-2.png
055-ai-naming-final-results,055-ai-naming-final-results-0.png,055-ai-naming-final-results-1.png,055-ai-naming-final-results-2.png
056-local-reload-info-spacing,056-local-reload-info-spacing-0.png,056-local-reload-info-spacing-1.png,056-local-reload-info-spacing-2.png
057-info-step-final-spacing,057-info-step-final-spacing-0.png,057-info-step-final-spacing-1.png,057-info-step-final-spacing-2.png
058-fill-author-name,058-fill-author-name-0.png,058-fill-author-name-1.png,058-fill-author-name-2.png
059-fill-final-book-title,059-fill-final-book-title-0.png,059-fill-final-book-title-1.png,059-fill-final-book-title-2.png
060-next-to-cover,060-next-to-cover-0.png,060-next-to-cover-1.png,060-next-to-cover-2.png
061-cover-copy-aligned,061-cover-copy-aligned-0.png,061-cover-copy-aligned-1.png,061-cover-copy-aligned-2.png
062-select-system-cover,062-select-system-cover-0.png,062-select-system-cover-1.png,062-select-system-cover-2.png
063-system-cover-aligned,063-system-cover-aligned-0.png,063-system-cover-aligned-1.png,063-system-cover-aligned-2.png
064-source-system-cover-result,064-source-system-cover-result-0.png,064-source-system-cover-result-1.png,064-source-system-cover-result-2.png
065-local-reselect-system-cover,065-local-reselect-system-cover-0.png,065-local-reselect-system-cover-1.png,065-local-reselect-system-cover-2.png
066-local-system-cover-result,066-local-system-cover-result-0.png,066-local-system-cover-result-1.png,066-local-system-cover-result-2.png
067-resume-source-creation,067-resume-source-creation-0.png,067-resume-source-creation-1.png,067-resume-source-creation-2.png
068-source-reselect-long,068-source-reselect-long-0.png,068-source-reselect-long-1.png,068-source-reselect-long-2.png
069-source-next-audience,069-source-next-audience-0.png,069-source-next-audience-1.png,069-source-next-audience-2.png
070-resume-local-draft,070-resume-local-draft-0.png,070-resume-local-draft-1.png,070-resume-local-draft-2.png
071-reopen-source-create,071-reopen-source-create-0.png,071-reopen-source-create-1.png,071-reopen-source-create-2.png
072-source-select-long,072-source-select-long-0.png,072-source-select-long-1.png,072-source-select-long-2.png
073-source-next-audience,073-source-next-audience-0.png,073-source-next-audience-1.png,073-source-next-audience-2.png
074-source-select-female,074-source-select-female-0.png,074-source-select-female-1.png,074-source-select-female-2.png
075-source-next-idea,075-source-next-idea-0.png,075-source-next-idea-1.png,075-source-next-idea-2.png
076-source-fill-idea,076-source-fill-idea-0.png,076-source-fill-idea-1.png,076-source-fill-idea-2.png
077-source-open-template-confirm,077-source-open-template-confirm-0.png,077-source-open-template-confirm-1.png,077-source-open-template-confirm-2.png
078-source-confirm-template-generation,078-source-confirm-template-generation-0.png,078-source-confirm-template-generation-1.png,078-source-confirm-template-generation-2.png
079-source-template-result,079-source-template-result-0.png,079-source-template-result-1.png,079-source-template-result-2.png
080-source-confirm-template,080-source-confirm-template-0.png,080-source-confirm-template-1.png,080-source-confirm-template-2.png
081-source-fill-author,081-source-fill-author-0.png,081-source-fill-author-1.png,081-source-fill-author-2.png
082-source-fill-title,082-source-fill-title-0.png,082-source-fill-title-1.png,082-source-fill-title-2.png
083-source-next-cover,083-source-next-cover-0.png,083-source-next-cover-1.png,083-source-next-cover-2.png
084-source-select-system-cover,084-source-select-system-cover-0.png,084-source-select-system-cover-1.png,084-source-select-system-cover-2.png
085-source-generate-system-cover,085-source-generate-system-cover-0.png,085-source-generate-system-cover-1.png,085-source-generate-system-cover-2.png
086-local-return-cover-edit,086-local-return-cover-edit-0.png,086-local-return-cover-edit-1.png,086-local-return-cover-edit-2.png
087-local-generate-fixed-system-cover,087-local-generate-fixed-system-cover-0.png,087-local-generate-fixed-system-cover-1.png,087-local-generate-fixed-system-cover-2.png
088-complete-book-creation,088-complete-book-creation-0.png,088-complete-book-creation-1.png,088-complete-book-creation-2.png
089-enter-outline-flow,089-enter-outline-flow-0.png,089-enter-outline-flow-1.png,089-enter-outline-flow-2.png
090-outline-empty-aligned,090-outline-empty-aligned-0.png,090-outline-empty-aligned-1.png,090-outline-empty-aligned-2.png
091-open-outline-generation,091-open-outline-generation-0.png,091-open-outline-generation-1.png,091-open-outline-generation-2.png
093-local-reload-outline-six-chapters,093-local-reload-outline-six-chapters-0.png,093-local-reload-outline-six-chapters-1.png,093-local-reload-outline-six-chapters-2.png
094-outline-modal-six-chapter-ready,094-outline-modal-six-chapter-ready-0.png,094-outline-modal-six-chapter-ready-1.png,094-outline-modal-six-chapter-ready-2.png
095-set-outline-six-chapters,095-set-outline-six-chapters-0.png,095-set-outline-six-chapters-1.png,095-set-outline-six-chapters-2.png
096-set-outline-ten-chapters,096-set-outline-ten-chapters-0.png,096-set-outline-ten-chapters-1.png,096-set-outline-ten-chapters-2.png
097-generate-outline-background,097-generate-outline-background-0.png,097-generate-outline-background-1.png,097-generate-outline-background-2.png
098-outline-background-result,098-outline-background-result-0.png,098-outline-background-result-1.png,098-outline-background-result-2.png
099-confirm-source-outline-background,099-confirm-source-outline-background-0.png,099-confirm-source-outline-background-1.png,099-confirm-source-outline-background-2.png
100-outline-background-both-ready,100-outline-background-both-ready-0.png,100-outline-background-both-ready-1.png,100-outline-background-both-ready-2.png
101-resume-local-outline-draft,101-resume-local-outline-draft-0.png,101-resume-local-outline-draft-1.png,101-resume-local-outline-draft-2.png
102-local-background-cost-confirm,102-local-background-cost-confirm-0.png,102-local-background-cost-confirm-1.png,102-local-background-cost-confirm-2.png
103-local-confirm-regenerate-background,103-local-confirm-regenerate-background-0.png,103-local-confirm-regenerate-background-1.png,103-local-confirm-regenerate-background-2.png
104-outline-background-length-aligned,104-outline-background-length-aligned-0.png,104-outline-background-length-aligned-1.png,104-outline-background-length-aligned-2.png
105-open-role-generation-confirm,105-open-role-generation-confirm-0.png,105-open-role-generation-confirm-1.png,105-open-role-generation-confirm-2.png
106-local-cancel-wrong-role-cost,106-local-cancel-wrong-role-cost-0.png,106-local-cancel-wrong-role-cost-1.png,106-local-cancel-wrong-role-cost-2.png
107-local-reload-role-cost-fix,107-local-reload-role-cost-fix-0.png,107-local-reload-role-cost-fix-1.png,107-local-reload-role-cost-fix-2.png
108-outline-draft-resume-step,108-outline-draft-resume-step-0.png,108-outline-draft-resume-step-1.png,108-outline-draft-resume-step-2.png
109-role-cost-confirm-aligned,109-role-cost-confirm-aligned-0.png,109-role-cost-confirm-aligned-1.png,109-role-cost-confirm-aligned-2.png
110-confirm-role-generation,110-confirm-role-generation-0.png,110-confirm-role-generation-1.png,110-confirm-role-generation-2.png
111-outline-roles-result,111-outline-roles-result-0.png,111-outline-roles-result-1.png,111-outline-roles-result-2.png
112-open-plot-generation-confirm,112-open-plot-generation-confirm-0.png,112-open-plot-generation-confirm-1.png,112-open-plot-generation-confirm-2.png
113-confirm-plot-generation,113-confirm-plot-generation-0.png,113-confirm-plot-generation-1.png,113-confirm-plot-generation-2.png
114-outline-plot-result,114-outline-plot-result-0.png,114-outline-plot-result-1.png,114-outline-plot-result-2.png
115-outline-plot-both-ready,115-outline-plot-both-ready-0.png,115-outline-plot-both-ready-1.png,115-outline-plot-both-ready-2.png
116-local-resume-plot-after-parser-fix,116-local-resume-plot-after-parser-fix-0.png,116-local-resume-plot-after-parser-fix-1.png,116-local-resume-plot-after-parser-fix-2.png
117-local-back-to-roles-for-plot-regeneration,117-local-back-to-roles-for-plot-regeneration-0.png,117-local-back-to-roles-for-plot-regeneration-1.png,117-local-back-to-roles-for-plot-regeneration-2.png
118-local-plot-cost-after-parser-fix,118-local-plot-cost-after-parser-fix-0.png,118-local-plot-cost-after-parser-fix-1.png,118-local-plot-cost-after-parser-fix-2.png
119-local-confirm-plot-regeneration,119-local-confirm-plot-regeneration-0.png,119-local-confirm-plot-regeneration-1.png,119-local-confirm-plot-regeneration-2.png
120-local-resume-roles-after-relaxed-parser-fix,120-local-resume-roles-after-relaxed-parser-fix-0.png,120-local-resume-roles-after-relaxed-parser-fix-1.png,120-local-resume-roles-after-relaxed-parser-fix-2.png
121-local-plot-cost-relaxed-parser,121-local-plot-cost-relaxed-parser-0.png,121-local-plot-cost-relaxed-parser-1.png,121-local-plot-cost-relaxed-parser-2.png
122-local-confirm-plot-relaxed-parser,122-local-confirm-plot-relaxed-parser-0.png,122-local-confirm-plot-relaxed-parser-1.png,122-local-confirm-plot-relaxed-parser-2.png
123-outline-plot-complete-aligned,123-outline-plot-complete-aligned-0.png,123-outline-plot-complete-aligned-1.png,123-outline-plot-complete-aligned-2.png
124-source-highlight-cost-modal,124-source-highlight-cost-modal-0.png,124-source-highlight-cost-modal-1.png,124-source-highlight-cost-modal-2.png
125-local-highlight-cost-before-copy-fix,125-local-highlight-cost-before-copy-fix-0.png,125-local-highlight-cost-before-copy-fix-1.png,125-local-highlight-cost-before-copy-fix-2.png
126-local-resume-complete-plot,126-local-resume-complete-plot-0.png,126-local-resume-complete-plot-1.png,126-local-resume-complete-plot-2.png
127-highlight-cost-copy-aligned,127-highlight-cost-copy-aligned-0.png,127-highlight-cost-copy-aligned-1.png,127-highlight-cost-copy-aligned-2.png
128-source-confirm-highlight-generation,128-source-confirm-highlight-generation-0.png,128-source-confirm-highlight-generation-1.png,128-source-confirm-highlight-generation-2.png
129-local-confirm-highlight-generation,129-local-confirm-highlight-generation-0.png,129-local-confirm-highlight-generation-1.png,129-local-confirm-highlight-generation-2.png
130-outline-highlight-results-aligned,130-outline-highlight-results-aligned-0.png,130-outline-highlight-results-aligned-1.png,130-outline-highlight-results-aligned-2.png
131-source-complete-outline,131-source-complete-outline-0.png,131-source-complete-outline-1.png,131-source-complete-outline-2.png
132-local-complete-outline,132-local-complete-outline-0.png,132-local-complete-outline-1.png,132-local-complete-outline-2.png
133-local-reopen-outline-for-success-page-qa,133-local-reopen-outline-for-success-page-qa-0.png,133-local-reopen-outline-for-success-page-qa-1.png,133-local-reopen-outline-for-success-page-qa-2.png
134-local-manual-background-existing,134-local-manual-background-existing-0.png,134-local-manual-background-existing-1.png,134-local-manual-background-existing-2.png
135-local-manual-characters-existing,135-local-manual-characters-existing-0.png,135-local-manual-characters-existing-1.png,135-local-manual-characters-existing-2.png
136-local-manual-plot-existing,136-local-manual-plot-existing-0.png,136-local-manual-plot-existing-1.png,136-local-manual-plot-existing-2.png
137-local-manual-highlight-existing,137-local-manual-highlight-existing-0.png,137-local-manual-highlight-existing-1.png,137-local-manual-highlight-existing-2.png
138-outline-success-page-aligned,138-outline-success-page-aligned-0.png,138-outline-success-page-aligned-1.png,138-outline-success-page-aligned-2.png
139-source-go-create-chapter,139-source-go-create-chapter-0.png,139-source-go-create-chapter-1.png,139-source-go-create-chapter-2.png
140-local-go-create-chapter,140-local-go-create-chapter-0.png,140-local-go-create-chapter-1.png,140-local-go-create-chapter-2.png
141-local-delete-legacy-empty-volume-modal,141-local-delete-legacy-empty-volume-modal-0.png,141-local-delete-legacy-empty-volume-modal-1.png,141-local-delete-legacy-empty-volume-modal-2.png
142-volume-empty-state-aligned,142-volume-empty-state-aligned-0.png,142-volume-empty-state-aligned-1.png,142-volume-empty-state-aligned-2.png
143-source-open-add-volume-one,143-source-open-add-volume-one-0.png,143-source-open-add-volume-one-1.png,143-source-open-add-volume-one-2.png
144-local-open-add-volume-one,144-local-open-add-volume-one-0.png,144-local-open-add-volume-one-1.png,144-local-open-add-volume-one-2.png
145-source-fill-volume-one-title,145-source-fill-volume-one-title-0.png,145-source-fill-volume-one-title-1.png,145-source-fill-volume-one-title-2.png
146-local-fill-volume-one-title,146-local-fill-volume-one-title-0.png,146-local-fill-volume-one-title-1.png,146-local-fill-volume-one-title-2.png
147-source-create-volume-one,147-source-create-volume-one-0.png,147-source-create-volume-one-1.png,147-source-create-volume-one-2.png
148-local-create-volume-one,148-local-create-volume-one-0.png,148-local-create-volume-one-1.png,148-local-create-volume-one-2.png
149-volume-one-created-aligned,149-volume-one-created-aligned-0.png,149-volume-one-created-aligned-1.png,149-volume-one-created-aligned-2.png
150-source-open-chapter-one,150-source-open-chapter-one-0.png,150-source-open-chapter-one-1.png,150-source-open-chapter-one-2.png
151-local-open-chapter-one,151-local-open-chapter-one-0.png,151-local-open-chapter-one-1.png,151-local-open-chapter-one-2.png
152-source-select-main-storyline-chapter-one,152-source-select-main-storyline-chapter-one-0.png,152-source-select-main-storyline-chapter-one-1.png,152-source-select-main-storyline-chapter-one-2.png
153-local-select-main-storyline-chapter-one,153-local-select-main-storyline-chapter-one-0.png,153-local-select-main-storyline-chapter-one-1.png,153-local-select-main-storyline-chapter-one-2.png
154-source-chapter-one-role-step,154-source-chapter-one-role-step-0.png,154-source-chapter-one-role-step-1.png,154-source-chapter-one-role-step-2.png
155-local-chapter-one-role-step,155-local-chapter-one-role-step-0.png,155-local-chapter-one-role-step-1.png,155-local-chapter-one-role-step-2.png
156-local-reopen-chapter-one-after-role-fix,156-local-reopen-chapter-one-after-role-fix-0.png,156-local-reopen-chapter-one-after-role-fix-1.png,156-local-reopen-chapter-one-after-role-fix-2.png
157-local-reselect-main-storyline-chapter-one,157-local-reselect-main-storyline-chapter-one-0.png,157-local-reselect-main-storyline-chapter-one-1.png,157-local-reselect-main-storyline-chapter-one-2.png
158-chapter-one-role-step-aligned,158-chapter-one-role-step-aligned-0.png,158-chapter-one-role-step-aligned-1.png,158-chapter-one-role-step-aligned-2.png
159-source-chapter-one-foreshadow-step,159-source-chapter-one-foreshadow-step-0.png,159-source-chapter-one-foreshadow-step-1.png,159-source-chapter-one-foreshadow-step-2.png
160-local-chapter-one-foreshadow-step-before-fix,160-local-chapter-one-foreshadow-step-before-fix-0.png,160-local-chapter-one-foreshadow-step-before-fix-1.png,160-local-chapter-one-foreshadow-step-before-fix-2.png
161-local-reopen-chapter-one-after-foreshadow-fix,161-local-reopen-chapter-one-after-foreshadow-fix-0.png,161-local-reopen-chapter-one-after-foreshadow-fix-1.png,161-local-reopen-chapter-one-after-foreshadow-fix-2.png
162-local-select-main-after-foreshadow-fix,162-local-select-main-after-foreshadow-fix-0.png,162-local-select-main-after-foreshadow-fix-1.png,162-local-select-main-after-foreshadow-fix-2.png
163-local-role-after-foreshadow-fix,163-local-role-after-foreshadow-fix-0.png,163-local-role-after-foreshadow-fix-1.png,163-local-role-after-foreshadow-fix-2.png
164-chapter-one-foreshadow-empty-aligned,164-chapter-one-foreshadow-empty-aligned-0.png,164-chapter-one-foreshadow-empty-aligned-1.png,164-chapter-one-foreshadow-empty-aligned-2.png
165-source-chapter-one-expectation-step,165-source-chapter-one-expectation-step-0.png,165-source-chapter-one-expectation-step-1.png,165-source-chapter-one-expectation-step-2.png
166-chapter-one-expectation-step-aligned,166-chapter-one-expectation-step-aligned-0.png,166-chapter-one-expectation-step-aligned-1.png,166-chapter-one-expectation-step-aligned-2.png
167-source-fill-chapter-one-expectation,167-source-fill-chapter-one-expectation-0.png,167-source-fill-chapter-one-expectation-1.png,167-source-fill-chapter-one-expectation-2.png
168-local-fill-chapter-one-expectation,168-local-fill-chapter-one-expectation-0.png,168-local-fill-chapter-one-expectation-1.png,168-local-fill-chapter-one-expectation-2.png
169-source-chapter-one-outline-target,169-source-chapter-one-outline-target-0.png,169-source-chapter-one-outline-target-1.png,169-source-chapter-one-outline-target-2.png
170-local-chapter-one-target-before-range-fix,170-local-chapter-one-target-before-range-fix-0.png,170-local-chapter-one-target-before-range-fix-1.png,170-local-chapter-one-target-before-range-fix-2.png
171-local-open-persistent-chapter-one-draft,171-local-open-persistent-chapter-one-draft-0.png,171-local-open-persistent-chapter-one-draft-1.png,171-local-open-persistent-chapter-one-draft-2.png
172-local-select-main-persistent-draft,172-local-select-main-persistent-draft-0.png,172-local-select-main-persistent-draft-1.png,172-local-select-main-persistent-draft-2.png
173-local-role-persistent-draft,173-local-role-persistent-draft-0.png,173-local-role-persistent-draft-1.png,173-local-role-persistent-draft-2.png
174-local-foreshadow-persistent-draft,174-local-foreshadow-persistent-draft-0.png,174-local-foreshadow-persistent-draft-1.png,174-local-foreshadow-persistent-draft-2.png
175-local-expectation-persistent-draft,175-local-expectation-persistent-draft-0.png,175-local-expectation-persistent-draft-1.png,175-local-expectation-persistent-draft-2.png
176-local-refill-chapter-one-expectation,176-local-refill-chapter-one-expectation-0.png,176-local-refill-chapter-one-expectation-1.png,176-local-refill-chapter-one-expectation-2.png
177-chapter-one-outline-target-aligned,177-chapter-one-outline-target-aligned-0.png,177-chapter-one-outline-target-aligned-1.png,177-chapter-one-outline-target-aligned-2.png
178-source-chapter-outline-cost-modal,178-source-chapter-outline-cost-modal-0.png,178-source-chapter-outline-cost-modal-1.png,178-source-chapter-outline-cost-modal-2.png
179-local-chapter-outline-cost-before-copy-fix,179-local-chapter-outline-cost-before-copy-fix-0.png,179-local-chapter-outline-cost-before-copy-fix-1.png,179-local-chapter-outline-cost-before-copy-fix-2.png
180-local-resume-chapter-one-outline-step,180-local-resume-chapter-one-outline-step-0.png,180-local-resume-chapter-one-outline-step-1.png,180-local-resume-chapter-one-outline-step-2.png
181-chapter-one-outline-cost-aligned,181-chapter-one-outline-cost-aligned-0.png,181-chapter-one-outline-cost-aligned-1.png,181-chapter-one-outline-cost-aligned-2.png
182-source-confirm-chapter-one-outline,182-source-confirm-chapter-one-outline-0.png,182-source-confirm-chapter-one-outline-1.png,182-source-confirm-chapter-one-outline-2.png
183-local-confirm-chapter-one-outline,183-local-confirm-chapter-one-outline-0.png,183-local-confirm-chapter-one-outline-1.png,183-local-confirm-chapter-one-outline-2.png
184-source-chapter-outline-generation-failed,184-source-chapter-outline-generation-failed-0.png,184-source-chapter-outline-generation-failed-1.png,184-source-chapter-outline-generation-failed-2.png
185-source-retry-chapter-one-expectation,185-source-retry-chapter-one-expectation-0.png,185-source-retry-chapter-one-expectation-1.png,185-source-retry-chapter-one-expectation-2.png
186-source-retry-chapter-one-outline-target,186-source-retry-chapter-one-outline-target-0.png,186-source-retry-chapter-one-outline-target-1.png,186-source-retry-chapter-one-outline-target-2.png
187-chapter-one-outline-results-aligned,187-chapter-one-outline-results-aligned-0.png,187-chapter-one-outline-results-aligned-1.png,187-chapter-one-outline-results-aligned-2.png
188-source-chapter-one-confirm-step,188-source-chapter-one-confirm-step-0.png,188-source-chapter-one-confirm-step-1.png,188-source-chapter-one-confirm-step-2.png
189-local-resume-chapter-one-outline-result,189-local-resume-chapter-one-outline-result-0.png,189-local-resume-chapter-one-outline-result-1.png,189-local-resume-chapter-one-outline-result-2.png
190-chapter-one-confirm-step-aligned,190-chapter-one-confirm-step-aligned-0.png,190-chapter-one-confirm-step-aligned-1.png,190-chapter-one-confirm-step-aligned-2.png
191-source-create-chapter-one,191-source-create-chapter-one-0.png,191-source-create-chapter-one-1.png,191-source-create-chapter-one-2.png
192-local-create-chapter-one,192-local-create-chapter-one-0.png,192-local-create-chapter-one-1.png,192-local-create-chapter-one-2.png
193-editor-empty-aligned,193-editor-empty-aligned-0.png,193-editor-empty-aligned-1.png,193-editor-empty-aligned-2.png
194-source-open-body-generation,194-source-open-body-generation-0.png,194-source-open-body-generation-1.png,194-source-open-body-generation-2.png
195-local-open-body-generation,195-local-open-body-generation-0.png,195-local-open-body-generation-1.png,195-local-open-body-generation-2.png
196-generation-config-aligned,196-generation-config-aligned-0.png,196-generation-config-aligned-1.png,196-generation-config-aligned-2.png
197-source-skip-config-start-body,197-source-skip-config-start-body-0.png,197-source-skip-config-start-body-1.png,197-source-skip-config-start-body-2.png
198-local-reload-generation-confirm,198-local-reload-generation-confirm-0.png,198-local-reload-generation-confirm-1.png,198-local-reload-generation-confirm-2.png
199-local-reopen-generation-config,199-local-reopen-generation-config-0.png,199-local-reopen-generation-config-1.png,199-local-reopen-generation-config-2.png
200-body-generation-confirm-aligned,200-body-generation-confirm-aligned-0.png,200-body-generation-confirm-aligned-1.png,200-body-generation-confirm-aligned-2.png
201-local-reload-confirm-layer-fix,201-local-reload-confirm-layer-fix-0.png,201-local-reload-confirm-layer-fix-1.png,201-local-reload-confirm-layer-fix-2.png
202-local-reopen-config-after-fix,202-local-reopen-config-after-fix-0.png,202-local-reopen-config-after-fix-1.png,202-local-reopen-config-after-fix-2.png
203-body-generation-confirm-aligned,203-body-generation-confirm-aligned-0.png,203-body-generation-confirm-aligned-1.png,203-body-generation-confirm-aligned-2.png
204-source-confirm-start-chapter1,204-source-confirm-start-chapter1-0.png,204-source-confirm-start-chapter1-1.png,204-source-confirm-start-chapter1-2.png
205-local-confirm-start-chapter1,205-local-confirm-start-chapter1-0.png,205-local-confirm-start-chapter1-1.png,205-local-confirm-start-chapter1-2.png
206-chapter1-generation-results,206-chapter1-generation-results-0.png,206-chapter1-generation-results-1.png,206-chapter1-generation-results-2.png
207-source-close-chapter1-intelligence,207-source-close-chapter1-intelligence-0.png,207-source-close-chapter1-intelligence-1.png,207-source-close-chapter1-intelligence-2.png
208-source-trim-chapter1-to-range,208-source-trim-chapter1-to-range-0.png,208-source-trim-chapter1-to-range-1.png,208-source-trim-chapter1-to-range-2.png
209-source-save-chapter1-in-range,209-source-save-chapter1-in-range-0.png,209-source-save-chapter1-in-range-1.png,209-source-save-chapter1-in-range-2.png
210-source-save-chapter1-volume1,210-source-save-chapter1-volume1-0.png,210-source-save-chapter1-volume1-1.png,210-source-save-chapter1-volume1-2.png
211-source-confirm-save-chapter1,211-source-confirm-save-chapter1-0.png,211-source-confirm-save-chapter1-1.png,211-source-confirm-save-chapter1-2.png
212-source-close-save-success,212-source-close-save-success-0.png,212-source-close-save-success-1.png,212-source-close-save-success-2.png
213-local-reload-auto-sync-save-flow,213-local-reload-auto-sync-save-flow-0.png,213-local-reload-auto-sync-save-flow-1.png,213-local-reload-auto-sync-save-flow-2.png
214-local-open-save-volume-chapter1,214-local-open-save-volume-chapter1-0.png,214-local-open-save-volume-chapter1-1.png,214-local-open-save-volume-chapter1-2.png
215-local-save-confirm-chapter1,215-local-save-confirm-chapter1-0.png,215-local-save-confirm-chapter1-1.png,215-local-save-confirm-chapter1-2.png
216-local-confirm-save-chapter1,216-local-confirm-save-chapter1-0.png,216-local-confirm-save-chapter1-1.png,216-local-confirm-save-chapter1-2.png
217-local-close-save-success,217-local-close-save-success-0.png,217-local-close-save-success-1.png,217-local-close-save-success-2.png
218-local-open-sync-confirm-chapter1,218-local-open-sync-confirm-chapter1-0.png,218-local-open-sync-confirm-chapter1-1.png,218-local-open-sync-confirm-chapter1-2.png
219-local-confirm-sync-chapter1,219-local-confirm-sync-chapter1-0.png,219-local-confirm-sync-chapter1-1.png,219-local-confirm-sync-chapter1-2.png
220-chapter1-intelligence-results,220-chapter1-intelligence-results-0.png,220-chapter1-intelligence-results-1.png,220-chapter1-intelligence-results-2.png
221-local-close-chapter1-intelligence,221-local-close-chapter1-intelligence-0.png,221-local-close-chapter1-intelligence-1.png,221-local-close-chapter1-intelligence-2.png
222-source-return-list-after-chapter1,222-source-return-list-after-chapter1-0.png,222-source-return-list-after-chapter1-1.png,222-source-return-list-after-chapter1-2.png
223-local-return-list-after-chapter1,223-local-return-list-after-chapter1-0.png,223-local-return-list-after-chapter1-1.png,223-local-return-list-after-chapter1-2.png
224-source-open-create-chapter2,224-source-open-create-chapter2-0.png,224-source-open-create-chapter2-1.png,224-source-open-create-chapter2-2.png
225-local-open-create-chapter2,225-local-open-create-chapter2-0.png,225-local-open-create-chapter2-1.png,225-local-open-create-chapter2-2.png
226-source-select-chapter2-storyline,226-source-select-chapter2-storyline-0.png,226-source-select-chapter2-storyline-1.png,226-source-select-chapter2-storyline-2.png
227-local-select-chapter2-storyline,227-local-select-chapter2-storyline-0.png,227-local-select-chapter2-storyline-1.png,227-local-select-chapter2-storyline-2.png
228-source-chapter2-next-roles,228-source-chapter2-next-roles-0.png,228-source-chapter2-next-roles-1.png,228-source-chapter2-next-roles-2.png
229-local-chapter2-next-roles,229-local-chapter2-next-roles-0.png,229-local-chapter2-next-roles-1.png,229-local-chapter2-next-roles-2.png
230-source-chapter2-next-foreshadow,230-source-chapter2-next-foreshadow-0.png,230-source-chapter2-next-foreshadow-1.png,230-source-chapter2-next-foreshadow-2.png
231-local-chapter2-next-foreshadow,231-local-chapter2-next-foreshadow-0.png,231-local-chapter2-next-foreshadow-1.png,231-local-chapter2-next-foreshadow-2.png
232-local-reload-foreshadow-backfill,232-local-reload-foreshadow-backfill-0.png,232-local-reload-foreshadow-backfill-1.png,232-local-reload-foreshadow-backfill-2.png
233-local-reopen-chapter2-foreshadow,233-local-reopen-chapter2-foreshadow-0.png,233-local-reopen-chapter2-foreshadow-1.png,233-local-reopen-chapter2-foreshadow-2.png
234-source-chapter2-next-expectation,234-source-chapter2-next-expectation-0.png,234-source-chapter2-next-expectation-1.png,234-source-chapter2-next-expectation-2.png
235-local-chapter2-next-expectation,235-local-chapter2-next-expectation-0.png,235-local-chapter2-next-expectation-1.png,235-local-chapter2-next-expectation-2.png
236-source-fill-chapter2-expectation,236-source-fill-chapter2-expectation-0.png,236-source-fill-chapter2-expectation-1.png,236-source-fill-chapter2-expectation-2.png
237-local-fill-chapter2-expectation,237-local-fill-chapter2-expectation-0.png,237-local-fill-chapter2-expectation-1.png,237-local-fill-chapter2-expectation-2.png
238-source-chapter2-next-outline,238-source-chapter2-next-outline-0.png,238-source-chapter2-next-outline-1.png,238-source-chapter2-next-outline-2.png
239-local-chapter2-next-outline,239-local-chapter2-next-outline-0.png,239-local-chapter2-next-outline-1.png,239-local-chapter2-next-outline-2.png
240-source-chapter2-outline-cost,240-source-chapter2-outline-cost-0.png,240-source-chapter2-outline-cost-1.png,240-source-chapter2-outline-cost-2.png
241-local-chapter2-outline-cost,241-local-chapter2-outline-cost-0.png,241-local-chapter2-outline-cost-1.png,241-local-chapter2-outline-cost-2.png
242-source-confirm-chapter2-outline,242-source-confirm-chapter2-outline-0.png,242-source-confirm-chapter2-outline-1.png,242-source-confirm-chapter2-outline-2.png
243-local-confirm-chapter2-outline,243-local-confirm-chapter2-outline-0.png,243-local-confirm-chapter2-outline-1.png,243-local-confirm-chapter2-outline-2.png
244-local-align-chapter2-title,244-local-align-chapter2-title-0.png,244-local-align-chapter2-title-1.png,244-local-align-chapter2-title-2.png
245-local-align-chapter2-outline,245-local-align-chapter2-outline-0.png,245-local-align-chapter2-outline-1.png,245-local-align-chapter2-outline-2.png
246-local-finalize-chapter2-outline,246-local-finalize-chapter2-outline-0.png,246-local-finalize-chapter2-outline-1.png,246-local-finalize-chapter2-outline-2.png
247-source-chapter2-next-confirm,247-source-chapter2-next-confirm-0.png,247-source-chapter2-next-confirm-1.png,247-source-chapter2-next-confirm-2.png
248-local-chapter2-next-confirm,248-local-chapter2-next-confirm-0.png,248-local-chapter2-next-confirm-1.png,248-local-chapter2-next-confirm-2.png
249-source-create-chapter2,249-source-create-chapter2-0.png,249-source-create-chapter2-1.png,249-source-create-chapter2-2.png
250-local-create-chapter2,250-local-create-chapter2-0.png,250-local-create-chapter2-1.png,250-local-create-chapter2-2.png
251-source-open-chapter2-body-config,251-source-open-chapter2-body-config-0.png,251-source-open-chapter2-body-config-1.png,251-source-open-chapter2-body-config-2.png
252-local-open-chapter2-body-config,252-local-open-chapter2-body-config-0.png,252-local-open-chapter2-body-config-1.png,252-local-open-chapter2-body-config-2.png
253-source-skip-chapter2-body-config,253-source-skip-chapter2-body-config-0.png,253-source-skip-chapter2-body-config-1.png,253-source-skip-chapter2-body-config-2.png
254-local-skip-chapter2-body-config,254-local-skip-chapter2-body-config-0.png,254-local-skip-chapter2-body-config-1.png,254-local-skip-chapter2-body-config-2.png
255-source-confirm-generate-chapter2-body,255-source-confirm-generate-chapter2-body-0.png,255-source-confirm-generate-chapter2-body-1.png,255-source-confirm-generate-chapter2-body-2.png
256-local-confirm-generate-chapter2-body,256-local-confirm-generate-chapter2-body-0.png,256-local-confirm-generate-chapter2-body-1.png,256-local-confirm-generate-chapter2-body-2.png
257-chapter2-body-results-first-attempt,257-chapter2-body-results-first-attempt-0.png,257-chapter2-body-results-first-attempt-1.png,257-chapter2-body-results-first-attempt-2.png
258-source-chapter2-intelligence-close,258-source-chapter2-intelligence-close-0.png,258-source-chapter2-intelligence-close-1.png,258-source-chapter2-intelligence-close-2.png
259-source-chapter2-trimmed-1499,259-source-chapter2-trimmed-1499-0.png,259-source-chapter2-trimmed-1499-1.png,259-source-chapter2-trimmed-1499-2.png
260-source-chapter2-save-volume-dialog,260-source-chapter2-save-volume-dialog-0.png,260-source-chapter2-save-volume-dialog-1.png,260-source-chapter2-save-volume-dialog-2.png
261-source-chapter2-save-volume-selected,261-source-chapter2-save-volume-selected-0.png,261-source-chapter2-save-volume-selected-1.png,261-source-chapter2-save-volume-selected-2.png
262-source-chapter2-save-confirmed,262-source-chapter2-save-confirmed-0.png,262-source-chapter2-save-confirmed-1.png,262-source-chapter2-save-confirmed-2.png
263-source-chapter2-save-success-closed,263-source-chapter2-save-success-closed-0.png,263-source-chapter2-save-success-closed-1.png,263-source-chapter2-save-success-closed-2.png
264-local-reloaded-auto-rewrite-build,264-local-reloaded-auto-rewrite-build-0.png,264-local-reloaded-auto-rewrite-build-1.png,264-local-reloaded-auto-rewrite-build-2.png
265-local-chapter2-generation-config-retry,265-local-chapter2-generation-config-retry-0.png,265-local-chapter2-generation-config-retry-1.png,265-local-chapter2-generation-config-retry-2.png
266-local-chapter2-generation-config-skipped,266-local-chapter2-generation-config-skipped-0.png,266-local-chapter2-generation-config-skipped-1.png,266-local-chapter2-generation-config-skipped-2.png
267-local-chapter2-generation-auto-rewrite-started,267-local-chapter2-generation-auto-rewrite-started-0.png,267-local-chapter2-generation-auto-rewrite-started-1.png,267-local-chapter2-generation-auto-rewrite-started-2.png
268-local-chapter2-auto-rewrite-attempt2,268-local-chapter2-auto-rewrite-attempt2-0.png,268-local-chapter2-auto-rewrite-attempt2-1.png,268-local-chapter2-auto-rewrite-attempt2-2.png
269-local-chapter2-auto-rewrite-exhausted,269-local-chapter2-auto-rewrite-exhausted-0.png,269-local-chapter2-auto-rewrite-exhausted-1.png,269-local-chapter2-auto-rewrite-exhausted-2.png
270-local-chapter2-generation-history-after-retries,270-local-chapter2-generation-history-after-retries-0.png,270-local-chapter2-generation-history-after-retries-1.png,270-local-chapter2-generation-history-after-retries-2.png
271-local-reloaded-six-paragraph-rule,271-local-reloaded-six-paragraph-rule-0.png,271-local-reloaded-six-paragraph-rule-1.png,271-local-reloaded-six-paragraph-rule-2.png
272-local-chapter2-six-paragraph-config,272-local-chapter2-six-paragraph-config-0.png,272-local-chapter2-six-paragraph-config-1.png,272-local-chapter2-six-paragraph-config-2.png
273-local-chapter2-six-paragraph-skip,273-local-chapter2-six-paragraph-skip-0.png,273-local-chapter2-six-paragraph-skip-1.png,273-local-chapter2-six-paragraph-skip-2.png
274-local-chapter2-six-paragraph-generation-started,274-local-chapter2-six-paragraph-generation-started-0.png,274-local-chapter2-six-paragraph-generation-started-1.png,274-local-chapter2-six-paragraph-generation-started-2.png
275-local-chapter2-accepted-1101-intelligence,275-local-chapter2-accepted-1101-intelligence-0.png,275-local-chapter2-accepted-1101-intelligence-1.png,275-local-chapter2-accepted-1101-intelligence-2.png
276-local-chapter2-intelligence-closed,276-local-chapter2-intelligence-closed-0.png,276-local-chapter2-intelligence-closed-1.png,276-local-chapter2-intelligence-closed-2.png
277-local-chapter2-save-volume-dialog,277-local-chapter2-save-volume-dialog-0.png,277-local-chapter2-save-volume-dialog-1.png,277-local-chapter2-save-volume-dialog-2.png
278-local-chapter2-save-volume-selected,278-local-chapter2-save-volume-selected-0.png,278-local-chapter2-save-volume-selected-1.png,278-local-chapter2-save-volume-selected-2.png
279-local-chapter2-save-confirmed,279-local-chapter2-save-confirmed-0.png,279-local-chapter2-save-confirmed-1.png,279-local-chapter2-save-confirmed-2.png
280-local-chapter2-save-success-closed,280-local-chapter2-save-success-closed-0.png,280-local-chapter2-save-success-closed-1.png,280-local-chapter2-save-success-closed-2.png
281-source-chapter2-return-list,281-source-chapter2-return-list-0.png,281-source-chapter2-return-list-1.png,281-source-chapter2-return-list-2.png
282-source-chapter2-reopen-for-list-count-fix,282-source-chapter2-reopen-for-list-count-fix-0.png,282-source-chapter2-reopen-for-list-count-fix-1.png,282-source-chapter2-reopen-for-list-count-fix-2.png
283-source-chapter2-trimmed-1455,283-source-chapter2-trimmed-1455-0.png,283-source-chapter2-trimmed-1455-1.png,283-source-chapter2-trimmed-1455-2.png
284-source-chapter2-resave-volume-dialog,284-source-chapter2-resave-volume-dialog-0.png,284-source-chapter2-resave-volume-dialog-1.png,284-source-chapter2-resave-volume-dialog-2.png
285-source-chapter2-resave-volume-selected,285-source-chapter2-resave-volume-selected-0.png,285-source-chapter2-resave-volume-selected-1.png,285-source-chapter2-resave-volume-selected-2.png
286-source-chapter2-resave-confirmed,286-source-chapter2-resave-confirmed-0.png,286-source-chapter2-resave-confirmed-1.png,286-source-chapter2-resave-confirmed-2.png
287-source-chapter2-resave-success-closed,287-source-chapter2-resave-success-closed-0.png,287-source-chapter2-resave-success-closed-1.png,287-source-chapter2-resave-success-closed-2.png
288-source-chapter2-return-list-after-count-fix,288-source-chapter2-return-list-after-count-fix-0.png,288-source-chapter2-return-list-after-count-fix-1.png,288-source-chapter2-return-list-after-count-fix-2.png
289-local-chapter2-return-list,289-local-chapter2-return-list-0.png,289-local-chapter2-return-list-1.png,289-local-chapter2-return-list-2.png
290-source-volume1-chapter3-create-open,290-source-volume1-chapter3-create-open-0.png,290-source-volume1-chapter3-create-open-1.png,290-source-volume1-chapter3-create-open-2.png
291-local-volume1-chapter3-create-open,291-local-volume1-chapter3-create-open-0.png,291-local-volume1-chapter3-create-open-1.png,291-local-volume1-chapter3-create-open-2.png
292-source-chapter3-ai-recommend-lines-start,292-source-chapter3-ai-recommend-lines-start-0.png,292-source-chapter3-ai-recommend-lines-start-1.png,292-source-chapter3-ai-recommend-lines-start-2.png
293-local-chapter3-ai-recommend-lines-open,293-local-chapter3-ai-recommend-lines-open-0.png,293-local-chapter3-ai-recommend-lines-open-1.png,293-local-chapter3-ai-recommend-lines-open-2.png
294-local-chapter3-ai-recommend-lines-triggered,294-local-chapter3-ai-recommend-lines-triggered-0.png,294-local-chapter3-ai-recommend-lines-triggered-1.png,294-local-chapter3-ai-recommend-lines-triggered-2.png
295-source-chapter3-ai-recommend-lines-confirmed,295-source-chapter3-ai-recommend-lines-confirmed-0.png,295-source-chapter3-ai-recommend-lines-confirmed-1.png,295-source-chapter3-ai-recommend-lines-confirmed-2.png
296-local-chapter3-ai-recommend-lines-retried,296-local-chapter3-ai-recommend-lines-retried-0.png,296-local-chapter3-ai-recommend-lines-retried-1.png,296-local-chapter3-ai-recommend-lines-retried-2.png
297-source-chapter3-ai-line-option1-selected,297-source-chapter3-ai-line-option1-selected-0.png,297-source-chapter3-ai-line-option1-selected-1.png,297-source-chapter3-ai-line-option1-selected-2.png
298-source-chapter3-ai-line-option-confirmed,298-source-chapter3-ai-line-option-confirmed-0.png,298-source-chapter3-ai-line-option-confirmed-1.png,298-source-chapter3-ai-line-option-confirmed-2.png
299-source-chapter3-ai-line-success-closed,299-source-chapter3-ai-line-success-closed-0.png,299-source-chapter3-ai-line-success-closed-1.png,299-source-chapter3-ai-line-success-closed-2.png
300-source-chapter3-next-roles,300-source-chapter3-next-roles-0.png,300-source-chapter3-next-roles-1.png,300-source-chapter3-next-roles-2.png
301-local-chapter3-next-roles,301-local-chapter3-next-roles-0.png,301-local-chapter3-next-roles-1.png,301-local-chapter3-next-roles-2.png
302-source-chapter3-role-su-wan-selected,302-source-chapter3-role-su-wan-selected-0.png,302-source-chapter3-role-su-wan-selected-1.png,302-source-chapter3-role-su-wan-selected-2.png
303-source-chapter3-role-lu-chenzhou-selected,303-source-chapter3-role-lu-chenzhou-selected-0.png,303-source-chapter3-role-lu-chenzhou-selected-1.png,303-source-chapter3-role-lu-chenzhou-selected-2.png
304-source-chapter3-next-foreshadows,304-source-chapter3-next-foreshadows-0.png,304-source-chapter3-next-foreshadows-1.png,304-source-chapter3-next-foreshadows-2.png
305-local-chapter3-next-foreshadows,305-local-chapter3-next-foreshadows-0.png,305-local-chapter3-next-foreshadows-1.png,305-local-chapter3-next-foreshadows-2.png
306-source-chapter3-foreshadow-tape-selected,306-source-chapter3-foreshadow-tape-selected-0.png,306-source-chapter3-foreshadow-tape-selected-1.png,306-source-chapter3-foreshadow-tape-selected-2.png
307-source-chapter3-foreshadow-lu-selected,307-source-chapter3-foreshadow-lu-selected-0.png,307-source-chapter3-foreshadow-lu-selected-1.png,307-source-chapter3-foreshadow-lu-selected-2.png
308-local-chapter3-foreshadow-lu-selected,308-local-chapter3-foreshadow-lu-selected-0.png,308-local-chapter3-foreshadow-lu-selected-1.png,308-local-chapter3-foreshadow-lu-selected-2.png
309-local-chapter3-foreshadow-azhou-selected,309-local-chapter3-foreshadow-azhou-selected-0.png,309-local-chapter3-foreshadow-azhou-selected-1.png,309-local-chapter3-foreshadow-azhou-selected-2.png
310-source-chapter3-next-expectation,310-source-chapter3-next-expectation-0.png,310-source-chapter3-next-expectation-1.png,310-source-chapter3-next-expectation-2.png
311-local-chapter3-next-expectation,311-local-chapter3-next-expectation-0.png,311-local-chapter3-next-expectation-1.png,311-local-chapter3-next-expectation-2.png
312-source-chapter3-expectation-filled,312-source-chapter3-expectation-filled-0.png,312-source-chapter3-expectation-filled-1.png,312-source-chapter3-expectation-filled-2.png
313-local-chapter3-expectation-filled,313-local-chapter3-expectation-filled-0.png,313-local-chapter3-expectation-filled-1.png,313-local-chapter3-expectation-filled-2.png
314-source-chapter3-outline-confirm-open,314-source-chapter3-outline-confirm-open-0.png,314-source-chapter3-outline-confirm-open-1.png,314-source-chapter3-outline-confirm-open-2.png
315-local-chapter3-outline-step,315-local-chapter3-outline-step-0.png,315-local-chapter3-outline-step-1.png,315-local-chapter3-outline-step-2.png
316-source-chapter3-outline-generate-confirm,316-source-chapter3-outline-generate-confirm-0.png,316-source-chapter3-outline-generate-confirm-1.png,316-source-chapter3-outline-generate-confirm-2.png
317-local-chapter3-outline-generate-confirm,317-local-chapter3-outline-generate-confirm-0.png,317-local-chapter3-outline-generate-confirm-1.png,317-local-chapter3-outline-generate-confirm-2.png
318-source-chapter3-outline-generation-started,318-source-chapter3-outline-generation-started-0.png,318-source-chapter3-outline-generation-started-1.png,318-source-chapter3-outline-generation-started-2.png
319-local-chapter3-outline-generation-started,319-local-chapter3-outline-generation-started-0.png,319-local-chapter3-outline-generation-started-1.png,319-local-chapter3-outline-generation-started-2.png
320-dual-chapter3-outline-results,320-dual-chapter3-outline-results-0.png,320-dual-chapter3-outline-results-1.png,320-dual-chapter3-outline-results-2.png
321-local-chapter3-title-aligned,321-local-chapter3-title-aligned-0.png,321-local-chapter3-title-aligned-1.png,321-local-chapter3-title-aligned-2.png
322-source-chapter3-outline-next,322-source-chapter3-outline-next-0.png,322-source-chapter3-outline-next-1.png,322-source-chapter3-outline-next-2.png
323-local-chapter3-outline-next,323-local-chapter3-outline-next-0.png,323-local-chapter3-outline-next-1.png,323-local-chapter3-outline-next-2.png
324-source-chapter3-created,324-source-chapter3-created-0.png,324-source-chapter3-created-1.png,324-source-chapter3-created-2.png
325-local-chapter3-created,325-local-chapter3-created-0.png,325-local-chapter3-created-1.png,325-local-chapter3-created-2.png
326-source-chapter3-generation-config,326-source-chapter3-generation-config-0.png,326-source-chapter3-generation-config-1.png,326-source-chapter3-generation-config-2.png
327-local-chapter3-generation-config,327-local-chapter3-generation-config-0.png,327-local-chapter3-generation-config-1.png,327-local-chapter3-generation-config-2.png
328-source-chapter3-generation-skip,328-source-chapter3-generation-skip-0.png,328-source-chapter3-generation-skip-1.png,328-source-chapter3-generation-skip-2.png
329-local-chapter3-generation-skip,329-local-chapter3-generation-skip-0.png,329-local-chapter3-generation-skip-1.png,329-local-chapter3-generation-skip-2.png
330-source-chapter3-body-generation-started,330-source-chapter3-body-generation-started-0.png,330-source-chapter3-body-generation-started-1.png,330-source-chapter3-body-generation-started-2.png
331-local-chapter3-body-generation-started,331-local-chapter3-body-generation-started-0.png,331-local-chapter3-body-generation-started-1.png,331-local-chapter3-body-generation-started-2.png
332-chapter3-source-risk-failure-local-success,332-chapter3-source-risk-failure-local-success-0.png,332-chapter3-source-risk-failure-local-success-1.png,332-chapter3-source-risk-failure-local-success-2.png
333-source-chapter3-risk-failure-closed,333-source-chapter3-risk-failure-closed-0.png,333-source-chapter3-risk-failure-closed-1.png,333-source-chapter3-risk-failure-closed-2.png
334-source-chapter3-outline-edit-open,334-source-chapter3-outline-edit-open-0.png,334-source-chapter3-outline-edit-open-1.png,334-source-chapter3-outline-edit-open-2.png
335-source-chapter3-outline-safe-filled,335-source-chapter3-outline-safe-filled-0.png,335-source-chapter3-outline-safe-filled-1.png,335-source-chapter3-outline-safe-filled-2.png
336-source-chapter3-outline-safe-saved,336-source-chapter3-outline-safe-saved-0.png,336-source-chapter3-outline-safe-saved-1.png,336-source-chapter3-outline-safe-saved-2.png
337-source-chapter3-outline-safe-save-closed,337-source-chapter3-outline-safe-save-closed-0.png,337-source-chapter3-outline-safe-save-closed-1.png,337-source-chapter3-outline-safe-save-closed-2.png
338-source-chapter3-regeneration-config,338-source-chapter3-regeneration-config-0.png,338-source-chapter3-regeneration-config-1.png,338-source-chapter3-regeneration-config-2.png
339-source-chapter3-regeneration-skip,339-source-chapter3-regeneration-skip-0.png,339-source-chapter3-regeneration-skip-1.png,339-source-chapter3-regeneration-skip-2.png
340-source-chapter3-regeneration-started,340-source-chapter3-regeneration-started-0.png,340-source-chapter3-regeneration-started-1.png,340-source-chapter3-regeneration-started-2.png
341-local-chapter3-intelligence-closed,341-local-chapter3-intelligence-closed-0.png,341-local-chapter3-intelligence-closed-1.png,341-local-chapter3-intelligence-closed-2.png
342-local-chapter3-save-volume-dialog,342-local-chapter3-save-volume-dialog-0.png,342-local-chapter3-save-volume-dialog-1.png,342-local-chapter3-save-volume-dialog-2.png
343-local-chapter3-save-volume-selected,343-local-chapter3-save-volume-selected-0.png,343-local-chapter3-save-volume-selected-1.png,343-local-chapter3-save-volume-selected-2.png
344-local-chapter3-save-confirmed,344-local-chapter3-save-confirmed-0.png,344-local-chapter3-save-confirmed-1.png,344-local-chapter3-save-confirmed-2.png
345-local-chapter3-save-success-closed,345-local-chapter3-save-success-closed-0.png,345-local-chapter3-save-success-closed-1.png,345-local-chapter3-save-success-closed-2.png
346-source-chapter3-regeneration-success-intelligence,346-source-chapter3-regeneration-success-intelligence-0.png,346-source-chapter3-regeneration-success-intelligence-1.png,346-source-chapter3-regeneration-success-intelligence-2.png
347-source-chapter3-intelligence-closed,347-source-chapter3-intelligence-closed-0.png,347-source-chapter3-intelligence-closed-1.png,347-source-chapter3-intelligence-closed-2.png
348-source-chapter3-trimmed-1417,348-source-chapter3-trimmed-1417-0.png,348-source-chapter3-trimmed-1417-1.png,348-source-chapter3-trimmed-1417-2.png
349-source-chapter3-save-volume-dialog,349-source-chapter3-save-volume-dialog-0.png,349-source-chapter3-save-volume-dialog-1.png,349-source-chapter3-save-volume-dialog-2.png
350-source-chapter3-save-volume-selected,350-source-chapter3-save-volume-selected-0.png,350-source-chapter3-save-volume-selected-1.png,350-source-chapter3-save-volume-selected-2.png
351-source-chapter3-save-confirmed,351-source-chapter3-save-confirmed-0.png,351-source-chapter3-save-confirmed-1.png,351-source-chapter3-save-confirmed-2.png
352-source-chapter3-save-success-closed,352-source-chapter3-save-success-closed-0.png,352-source-chapter3-save-success-closed-1.png,352-source-chapter3-save-success-closed-2.png
353-source-volume1-complete-list,353-source-volume1-complete-list-0.png,353-source-volume1-complete-list-1.png,353-source-volume1-complete-list-2.png
354-local-volume1-complete-list,354-local-volume1-complete-list-0.png,354-local-volume1-complete-list-1.png,354-local-volume1-complete-list-2.png
355-source-volume2-create-open,355-source-volume2-create-open-0.png,355-source-volume2-create-open-1.png,355-source-volume2-create-open-2.png
356-local-volume2-create-open,356-local-volume2-create-open-0.png,356-local-volume2-create-open-1.png,356-local-volume2-create-open-2.png
357-source-volume2-name-filled,357-source-volume2-name-filled-0.png,357-source-volume2-name-filled-1.png,357-source-volume2-name-filled-2.png
358-local-volume2-name-filled,358-local-volume2-name-filled-0.png,358-local-volume2-name-filled-1.png,358-local-volume2-name-filled-2.png
359-source-volume2-created,359-source-volume2-created-0.png,359-source-volume2-created-1.png,359-source-volume2-created-2.png
360-local-volume2-created,360-local-volume2-created-0.png,360-local-volume2-created-1.png,360-local-volume2-created-2.png
361-local-reloaded-volume2-wizard-alignment,361-local-reloaded-volume2-wizard-alignment-0.png,361-local-reloaded-volume2-wizard-alignment-1.png,361-local-reloaded-volume2-wizard-alignment-2.png
362-source-volume2-chapter1-create-open,362-source-volume2-chapter1-create-open-0.png,362-source-volume2-chapter1-create-open-1.png,362-source-volume2-chapter1-create-open-2.png
363-local-volume2-chapter1-create-open,363-local-volume2-chapter1-create-open-0.png,363-local-volume2-chapter1-create-open-1.png,363-local-volume2-chapter1-create-open-2.png
364-source-chapter4-line-recommend-confirm,364-source-chapter4-line-recommend-confirm-0.png,364-source-chapter4-line-recommend-confirm-1.png,364-source-chapter4-line-recommend-confirm-2.png
365-local-chapter4-line-recommend-confirm,365-local-chapter4-line-recommend-confirm-0.png,365-local-chapter4-line-recommend-confirm-1.png,365-local-chapter4-line-recommend-confirm-2.png
366-source-chapter4-line-recommend-started,366-source-chapter4-line-recommend-started-0.png,366-source-chapter4-line-recommend-started-1.png,366-source-chapter4-line-recommend-started-2.png
367-local-chapter4-line-recommend-started,367-local-chapter4-line-recommend-started-0.png,367-local-chapter4-line-recommend-started-1.png,367-local-chapter4-line-recommend-started-2.png
368-source-chapter4-line-option-selected,368-source-chapter4-line-option-selected-0.png,368-source-chapter4-line-option-selected-1.png,368-source-chapter4-line-option-selected-2.png
369-local-chapter4-line-option-selected,369-local-chapter4-line-option-selected-0.png,369-local-chapter4-line-option-selected-1.png,369-local-chapter4-line-option-selected-2.png
370-source-chapter4-line-option-confirmed,370-source-chapter4-line-option-confirmed-0.png,370-source-chapter4-line-option-confirmed-1.png,370-source-chapter4-line-option-confirmed-2.png
371-local-chapter4-line-option-confirmed,371-local-chapter4-line-option-confirmed-0.png,371-local-chapter4-line-option-confirmed-1.png,371-local-chapter4-line-option-confirmed-2.png
372-source-chapter4-mainline-manually-selected,372-source-chapter4-mainline-manually-selected-0.png,372-source-chapter4-mainline-manually-selected-1.png,372-source-chapter4-mainline-manually-selected-2.png
373-source-chapter4-mainline-card-selected,373-source-chapter4-mainline-card-selected-0.png,373-source-chapter4-mainline-card-selected-1.png,373-source-chapter4-mainline-card-selected-2.png
374-source-chapter4-mainline-container-selected,374-source-chapter4-mainline-container-selected-0.png,374-source-chapter4-mainline-container-selected-1.png,374-source-chapter4-mainline-container-selected-2.png
375-source-chapter4-mainline-select-box,375-source-chapter4-mainline-select-box-0.png,375-source-chapter4-mainline-select-box-1.png,375-source-chapter4-mainline-select-box-2.png
376-source-chapter4-mainline-toggle,376-source-chapter4-mainline-toggle-0.png,376-source-chapter4-mainline-toggle-1.png,376-source-chapter4-mainline-toggle-2.png
377-source-chapter4-mainline-right-toggle,377-source-chapter4-mainline-right-toggle-0.png,377-source-chapter4-mainline-right-toggle-1.png,377-source-chapter4-mainline-right-toggle-2.png
378-source-chapter4-mainline-radio-selected,378-source-chapter4-mainline-radio-selected-0.png,378-source-chapter4-mainline-radio-selected-1.png,378-source-chapter4-mainline-radio-selected-2.png
379-source-chapter4-mainline-marker-selected,379-source-chapter4-mainline-marker-selected-0.png,379-source-chapter4-mainline-marker-selected-1.png,379-source-chapter4-mainline-marker-selected-2.png
380-local-chapter4-line-success-closed,380-local-chapter4-line-success-closed-0.png,380-local-chapter4-line-success-closed-1.png,380-local-chapter4-line-success-closed-2.png
381-source-chapter4-next-roles,381-source-chapter4-next-roles-0.png,381-source-chapter4-next-roles-1.png,381-source-chapter4-next-roles-2.png
382-local-chapter4-next-roles-before-correction,382-local-chapter4-next-roles-before-correction-0.png,382-local-chapter4-next-roles-before-correction-1.png,382-local-chapter4-next-roles-before-correction-2.png
383-local-chapter4-roles-corrected,383-local-chapter4-roles-corrected-0.png,383-local-chapter4-roles-corrected-1.png,383-local-chapter4-roles-corrected-2.png
384-local-chapter4-draft-reopened,384-local-chapter4-draft-reopened-0.png,384-local-chapter4-draft-reopened-1.png,384-local-chapter4-draft-reopened-2.png
385-local-domain-fix-reload,385-local-domain-fix-reload-0.png,385-local-domain-fix-reload-1.png,385-local-domain-fix-reload-2.png
386-local-reopen-chapter4-draft,386-local-reopen-chapter4-draft-0.png,386-local-reopen-chapter4-draft-1.png,386-local-reopen-chapter4-draft-2.png
387-source-ch4-next-to-foreshadow,387-source-ch4-next-to-foreshadow-0.png,387-source-ch4-next-to-foreshadow-1.png,387-source-ch4-next-to-foreshadow-2.png
388-local-ch4-next-to-foreshadow,388-local-ch4-next-to-foreshadow-0.png,388-local-ch4-next-to-foreshadow-1.png,388-local-ch4-next-to-foreshadow-2.png
389-source-ch4-select-foreshadow-tape,389-source-ch4-select-foreshadow-tape-0.png,389-source-ch4-select-foreshadow-tape-1.png,389-source-ch4-select-foreshadow-tape-2.png
390-local-ch4-select-foreshadow-grandmother,390-local-ch4-select-foreshadow-grandmother-0.png,390-local-ch4-select-foreshadow-grandmother-1.png,390-local-ch4-select-foreshadow-grandmother-2.png
391-source-ch4-select-foreshadow-lu,391-source-ch4-select-foreshadow-lu-0.png,391-source-ch4-select-foreshadow-lu-1.png,391-source-ch4-select-foreshadow-lu-2.png
392-local-ch4-select-foreshadow-lu,392-local-ch4-select-foreshadow-lu-0.png,392-local-ch4-select-foreshadow-lu-1.png,392-local-ch4-select-foreshadow-lu-2.png
393-source-ch4-next-to-expectation,393-source-ch4-next-to-expectation-0.png,393-source-ch4-next-to-expectation-1.png,393-source-ch4-next-to-expectation-2.png
394-local-ch4-next-to-expectation,394-local-ch4-next-to-expectation-0.png,394-local-ch4-next-to-expectation-1.png,394-local-ch4-next-to-expectation-2.png
395-source-ch4-fill-expectation,395-source-ch4-fill-expectation-0.png,395-source-ch4-fill-expectation-1.png,395-source-ch4-fill-expectation-2.png
396-local-ch4-fill-expectation,396-local-ch4-fill-expectation-0.png,396-local-ch4-fill-expectation-1.png,396-local-ch4-fill-expectation-2.png
397-source-ch4-generate-outline-click,397-source-ch4-generate-outline-click-0.png,397-source-ch4-generate-outline-click-1.png,397-source-ch4-generate-outline-click-2.png
398-local-ch4-next-to-outline,398-local-ch4-next-to-outline-0.png,398-local-ch4-next-to-outline-1.png,398-local-ch4-next-to-outline-2.png
399-source-ch4-target-2000,399-source-ch4-target-2000-0.png,399-source-ch4-target-2000-1.png,399-source-ch4-target-2000-2.png
400-local-ch4-target-2000,400-local-ch4-target-2000-0.png,400-local-ch4-target-2000-1.png,400-local-ch4-target-2000-2.png
401-source-ch4-outline-generation-start,401-source-ch4-outline-generation-start-0.png,401-source-ch4-outline-generation-start-1.png,401-source-ch4-outline-generation-start-2.png
402-local-ch4-outline-generation-start,402-local-ch4-outline-generation-start-0.png,402-local-ch4-outline-generation-start-1.png,402-local-ch4-outline-generation-start-2.png
403-source-ch4-confirm-outline-generation,403-source-ch4-confirm-outline-generation-0.png,403-source-ch4-confirm-outline-generation-1.png,403-source-ch4-confirm-outline-generation-2.png
404-local-ch4-confirm-outline-generation,404-local-ch4-confirm-outline-generation-0.png,404-local-ch4-confirm-outline-generation-1.png,404-local-ch4-confirm-outline-generation-2.png
405-both-ch4-outline-after-8s,405-both-ch4-outline-after-8s-0.png,405-both-ch4-outline-after-8s-1.png,405-both-ch4-outline-after-8s-2.png
406-local-reload-outline-validation-fix,406-local-reload-outline-validation-fix-0.png,406-local-reload-outline-validation-fix-1.png,406-local-reload-outline-validation-fix-2.png
407-local-reopen-ch4-after-outline-fix,407-local-reopen-ch4-after-outline-fix-0.png,407-local-reopen-ch4-after-outline-fix-1.png,407-local-reopen-ch4-after-outline-fix-2.png
408-local-ch4-outline-regenerate-with-validation,408-local-ch4-outline-regenerate-with-validation-0.png,408-local-ch4-outline-regenerate-with-validation-1.png,408-local-ch4-outline-regenerate-with-validation-2.png
409-local-ch4-confirm-outline-regenerate,409-local-ch4-confirm-outline-regenerate-0.png,409-local-ch4-confirm-outline-regenerate-1.png,409-local-ch4-confirm-outline-regenerate-2.png
410-local-ch4-outline-validation-after-10s,410-local-ch4-outline-validation-after-10s-0.png,410-local-ch4-outline-validation-after-10s-1.png,410-local-ch4-outline-validation-after-10s-2.png
411-source-ch4-outline-next,411-source-ch4-outline-next-0.png,411-source-ch4-outline-next-1.png,411-source-ch4-outline-next-2.png
412-local-ch4-outline-next,412-local-ch4-outline-next-0.png,412-local-ch4-outline-next-1.png,412-local-ch4-outline-next-2.png
413-source-ch4-confirm-create,413-source-ch4-confirm-create-0.png,413-source-ch4-confirm-create-1.png,413-source-ch4-confirm-create-2.png
414-local-ch4-confirm-create,414-local-ch4-confirm-create-0.png,414-local-ch4-confirm-create-1.png,414-local-ch4-confirm-create-2.png
415-source-ch4-generate-body-click,415-source-ch4-generate-body-click-0.png,415-source-ch4-generate-body-click-1.png,415-source-ch4-generate-body-click-2.png
416-local-ch4-generate-body-click,416-local-ch4-generate-body-click-0.png,416-local-ch4-generate-body-click-1.png,416-local-ch4-generate-body-click-2.png
417-source-ch4-skip-private-assets,417-source-ch4-skip-private-assets-0.png,417-source-ch4-skip-private-assets-1.png,417-source-ch4-skip-private-assets-2.png
418-local-ch4-skip-private-assets,418-local-ch4-skip-private-assets-0.png,418-local-ch4-skip-private-assets-1.png,418-local-ch4-skip-private-assets-2.png
419-source-ch4-confirm-body-generation,419-source-ch4-confirm-body-generation-0.png,419-source-ch4-confirm-body-generation-1.png,419-source-ch4-confirm-body-generation-2.png
420-local-ch4-confirm-body-generation,420-local-ch4-confirm-body-generation-0.png,420-local-ch4-confirm-body-generation-1.png,420-local-ch4-confirm-body-generation-2.png
421-both-ch4-body-after-12s,421-both-ch4-body-after-12s-0.png,421-both-ch4-body-after-12s-1.png,421-both-ch4-body-after-12s-2.png
422-local-ch4-body-rewrite-after-12s,422-local-ch4-body-rewrite-after-12s-0.png,422-local-ch4-body-rewrite-after-12s-1.png,422-local-ch4-body-rewrite-after-12s-2.png
423-local-ch4-body-third-rewrite-result,423-local-ch4-body-third-rewrite-result-0.png,423-local-ch4-body-third-rewrite-result-1.png,423-local-ch4-body-third-rewrite-result-2.png
424-source-ch4-close-intelligence,424-source-ch4-close-intelligence-0.png,424-source-ch4-close-intelligence-1.png,424-source-ch4-close-intelligence-2.png
425-source-ch4-open-body-editor,425-source-ch4-open-body-editor-0.png,425-source-ch4-open-body-editor-1.png,425-source-ch4-open-body-editor-2.png
426-source-ch4-close-title-editor,426-source-ch4-close-title-editor-0.png,426-source-ch4-close-title-editor-1.png,426-source-ch4-close-title-editor-2.png
427-source-ch4-trim-body-to-1474,427-source-ch4-trim-body-to-1474-0.png,427-source-ch4-trim-body-to-1474-1.png,427-source-ch4-trim-body-to-1474-2.png
428-source-ch4-save-trimmed-body,428-source-ch4-save-trimmed-body-0.png,428-source-ch4-save-trimmed-body-1.png,428-source-ch4-save-trimmed-body-2.png
429-source-ch4-select-volume2,429-source-ch4-select-volume2-0.png,429-source-ch4-select-volume2-1.png,429-source-ch4-select-volume2-2.png
430-source-ch4-confirm-save,430-source-ch4-confirm-save-0.png,430-source-ch4-confirm-save-1.png,430-source-ch4-confirm-save-2.png
431-source-ch4-close-save-success,431-source-ch4-close-save-success-0.png,431-source-ch4-close-save-success-1.png,431-source-ch4-close-save-success-2.png
432-local-ch4-body-and-intelligence-ready,432-local-ch4-body-and-intelligence-ready-0.png,432-local-ch4-body-and-intelligence-ready-1.png,432-local-ch4-body-and-intelligence-ready-2.png
433-local-ch4-close-intelligence,433-local-ch4-close-intelligence-0.png,433-local-ch4-close-intelligence-1.png,433-local-ch4-close-intelligence-2.png
434-local-ch4-save-body,434-local-ch4-save-body-0.png,434-local-ch4-save-body-1.png,434-local-ch4-save-body-2.png
435-local-ch4-select-volume2,435-local-ch4-select-volume2-0.png,435-local-ch4-select-volume2-1.png,435-local-ch4-select-volume2-2.png
436-local-ch4-confirm-save,436-local-ch4-confirm-save-0.png,436-local-ch4-confirm-save-1.png,436-local-ch4-confirm-save-2.png
437-local-ch4-close-save-success,437-local-ch4-close-save-success-0.png,437-local-ch4-close-save-success-1.png,437-local-ch4-close-save-success-2.png
438-source-return-list-after-ch4,438-source-return-list-after-ch4-0.png,438-source-return-list-after-ch4-1.png,438-source-return-list-after-ch4-2.png
439-local-return-list-after-ch4,439-local-return-list-after-ch4-0.png,439-local-return-list-after-ch4-1.png,439-local-return-list-after-ch4-2.png
440-source-reopen-ch4-for-list-count-fix,440-source-reopen-ch4-for-list-count-fix-0.png,440-source-reopen-ch4-for-list-count-fix-1.png,440-source-reopen-ch4-for-list-count-fix-2.png
441-source-ch4-correct-final-count,441-source-ch4-correct-final-count-0.png,441-source-ch4-correct-final-count-1.png,441-source-ch4-correct-final-count-2.png
442-source-ch4-save-final-version,442-source-ch4-save-final-version-0.png,442-source-ch4-save-final-version-1.png,442-source-ch4-save-final-version-2.png
443-source-ch4-final-select-volume2,443-source-ch4-final-select-volume2-0.png,443-source-ch4-final-select-volume2-1.png,443-source-ch4-final-select-volume2-2.png
444-source-ch4-final-confirm-save,444-source-ch4-final-confirm-save-0.png,444-source-ch4-final-confirm-save-1.png,444-source-ch4-final-confirm-save-2.png
445-source-ch4-final-close-save-success,445-source-ch4-final-close-save-success-0.png,445-source-ch4-final-close-save-success-1.png,445-source-ch4-final-close-save-success-2.png
446-source-return-list-verify-ch4-count,446-source-return-list-verify-ch4-count-0.png,446-source-return-list-verify-ch4-count-1.png,446-source-return-list-verify-ch4-count-2.png
447-source-open-ch5-wizard,447-source-open-ch5-wizard-0.png,447-source-open-ch5-wizard-1.png,447-source-open-ch5-wizard-2.png
448-local-open-ch5-wizard,448-local-open-ch5-wizard-0.png,448-local-open-ch5-wizard-1.png,448-local-open-ch5-wizard-2.png
449-source-ch5-select-main-storyline,449-source-ch5-select-main-storyline-0.png,449-source-ch5-select-main-storyline-1.png,449-source-ch5-select-main-storyline-2.png
450-local-ch5-select-main-storyline,450-local-ch5-select-main-storyline-0.png,450-local-ch5-select-main-storyline-1.png,450-local-ch5-select-main-storyline-2.png
451-source-ch5-next-roles,451-source-ch5-next-roles-0.png,451-source-ch5-next-roles-1.png,451-source-ch5-next-roles-2.png
452-local-reload-next-role-rule,452-local-reload-next-role-rule-0.png,452-local-reload-next-role-rule-1.png,452-local-reload-next-role-rule-2.png
453-local-reopen-ch5-draft,453-local-reopen-ch5-draft-0.png,453-local-reopen-ch5-draft-1.png,453-local-reopen-ch5-draft-2.png
454-local-ch5-reselect-main-storyline,454-local-ch5-reselect-main-storyline-0.png,454-local-ch5-reselect-main-storyline-1.png,454-local-ch5-reselect-main-storyline-2.png
455-local-ch5-next-roles,455-local-ch5-next-roles-0.png,455-local-ch5-next-roles-1.png,455-local-ch5-next-roles-2.png
456-source-ch5-select-role-suwan,456-source-ch5-select-role-suwan-0.png,456-source-ch5-select-role-suwan-1.png,456-source-ch5-select-role-suwan-2.png
457-local-ch5-select-role-suwan,457-local-ch5-select-role-suwan-0.png,457-local-ch5-select-role-suwan-1.png,457-local-ch5-select-role-suwan-2.png
458-source-ch5-select-role-lu,458-source-ch5-select-role-lu-0.png,458-source-ch5-select-role-lu-1.png,458-source-ch5-select-role-lu-2.png
459-local-ch5-select-role-lu,459-local-ch5-select-role-lu-0.png,459-local-ch5-select-role-lu-1.png,459-local-ch5-select-role-lu-2.png
460-source-ch5-next-foreshadows,460-source-ch5-next-foreshadows-0.png,460-source-ch5-next-foreshadows-1.png,460-source-ch5-next-foreshadows-2.png
461-local-ch5-next-foreshadows,461-local-ch5-next-foreshadows-0.png,461-local-ch5-next-foreshadows-1.png,461-local-ch5-next-foreshadows-2.png
462-source-ch5-select-foreshadow-tape,462-source-ch5-select-foreshadow-tape-0.png,462-source-ch5-select-foreshadow-tape-1.png,462-source-ch5-select-foreshadow-tape-2.png
463-local-ch5-select-foreshadow-lu-family,463-local-ch5-select-foreshadow-lu-family-0.png,463-local-ch5-select-foreshadow-lu-family-1.png,463-local-ch5-select-foreshadow-lu-family-2.png
464-source-ch5-select-foreshadow-lu-secret,464-source-ch5-select-foreshadow-lu-secret-0.png,464-source-ch5-select-foreshadow-lu-secret-1.png,464-source-ch5-select-foreshadow-lu-secret-2.png
465-local-ch5-select-foreshadow-typhoon,465-local-ch5-select-foreshadow-typhoon-0.png,465-local-ch5-select-foreshadow-typhoon-1.png,465-local-ch5-select-foreshadow-typhoon-2.png
466-source-ch5-next-expectation,466-source-ch5-next-expectation-0.png,466-source-ch5-next-expectation-1.png,466-source-ch5-next-expectation-2.png
467-local-ch5-next-expectation,467-local-ch5-next-expectation-0.png,467-local-ch5-next-expectation-1.png,467-local-ch5-next-expectation-2.png
468-source-ch5-fill-expectation,468-source-ch5-fill-expectation-0.png,468-source-ch5-fill-expectation-1.png,468-source-ch5-fill-expectation-2.png
469-local-ch5-fill-expectation,469-local-ch5-fill-expectation-0.png,469-local-ch5-fill-expectation-1.png,469-local-ch5-fill-expectation-2.png
470-source-ch5-next-outline,470-source-ch5-next-outline-0.png,470-source-ch5-next-outline-1.png,470-source-ch5-next-outline-2.png
471-local-ch5-next-outline,471-local-ch5-next-outline-0.png,471-local-ch5-next-outline-1.png,471-local-ch5-next-outline-2.png
472-source-ch5-target-2000,472-source-ch5-target-2000-0.png,472-source-ch5-target-2000-1.png,472-source-ch5-target-2000-2.png
473-local-ch5-target-2000,473-local-ch5-target-2000-0.png,473-local-ch5-target-2000-1.png,473-local-ch5-target-2000-2.png
474-source-ch5-generate-outline-click,474-source-ch5-generate-outline-click-0.png,474-source-ch5-generate-outline-click-1.png,474-source-ch5-generate-outline-click-2.png
475-local-ch5-generate-outline-click,475-local-ch5-generate-outline-click-0.png,475-local-ch5-generate-outline-click-1.png,475-local-ch5-generate-outline-click-2.png
476-source-ch5-confirm-outline-generation,476-source-ch5-confirm-outline-generation-0.png,476-source-ch5-confirm-outline-generation-1.png,476-source-ch5-confirm-outline-generation-2.png
477-local-ch5-confirm-outline-generation,477-local-ch5-confirm-outline-generation-0.png,477-local-ch5-confirm-outline-generation-1.png,477-local-ch5-confirm-outline-generation-2.png
478-both-ch5-outline-result,478-both-ch5-outline-result-0.png,478-both-ch5-outline-result-1.png,478-both-ch5-outline-result-2.png
479-source-ch5-outline-next,479-source-ch5-outline-next-0.png,479-source-ch5-outline-next-1.png,479-source-ch5-outline-next-2.png
480-local-ch5-outline-next,480-local-ch5-outline-next-0.png,480-local-ch5-outline-next-1.png,480-local-ch5-outline-next-2.png
481-source-ch5-confirm-create,481-source-ch5-confirm-create-0.png,481-source-ch5-confirm-create-1.png,481-source-ch5-confirm-create-2.png
482-local-ch5-confirm-create,482-local-ch5-confirm-create-0.png,482-local-ch5-confirm-create-1.png,482-local-ch5-confirm-create-2.png
483-source-ch5-generate-body-click,483-source-ch5-generate-body-click-0.png,483-source-ch5-generate-body-click-1.png,483-source-ch5-generate-body-click-2.png
484-local-ch5-generate-body-click,484-local-ch5-generate-body-click-0.png,484-local-ch5-generate-body-click-1.png,484-local-ch5-generate-body-click-2.png
485-source-ch5-skip-private-assets,485-source-ch5-skip-private-assets-0.png,485-source-ch5-skip-private-assets-1.png,485-source-ch5-skip-private-assets-2.png
486-local-ch5-skip-private-assets,486-local-ch5-skip-private-assets-0.png,486-local-ch5-skip-private-assets-1.png,486-local-ch5-skip-private-assets-2.png
487-source-ch5-confirm-body-generation,487-source-ch5-confirm-body-generation-0.png,487-source-ch5-confirm-body-generation-1.png,487-source-ch5-confirm-body-generation-2.png
488-local-ch5-confirm-body-generation,488-local-ch5-confirm-body-generation-0.png,488-local-ch5-confirm-body-generation-1.png,488-local-ch5-confirm-body-generation-2.png
489-both-ch5-body-after-12s,489-both-ch5-body-after-12s-0.png,489-both-ch5-body-after-12s-1.png,489-both-ch5-body-after-12s-2.png
490-both-ch5-body-finalizing,490-both-ch5-body-finalizing-0.png,490-both-ch5-body-finalizing-1.png,490-both-ch5-body-finalizing-2.png
491-source-ch5-close-intelligence,491-source-ch5-close-intelligence-0.png,491-source-ch5-close-intelligence-1.png,491-source-ch5-close-intelligence-2.png
492-local-ch5-close-intelligence,492-local-ch5-close-intelligence-0.png,492-local-ch5-close-intelligence-1.png,492-local-ch5-close-intelligence-2.png
493-source-ch5-trim-complete-body,493-source-ch5-trim-complete-body-0.png,493-source-ch5-trim-complete-body-1.png,493-source-ch5-trim-complete-body-2.png
494-source-ch5-save-click,494-source-ch5-save-click-0.png,494-source-ch5-save-click-1.png,494-source-ch5-save-click-2.png
495-source-ch5-volume2,495-source-ch5-volume2-0.png,495-source-ch5-volume2-1.png,495-source-ch5-volume2-2.png
496-source-ch5-save-confirm,496-source-ch5-save-confirm-0.png,496-source-ch5-save-confirm-1.png,496-source-ch5-save-confirm-2.png
497-source-ch5-save-success-close,497-source-ch5-save-success-close-0.png,497-source-ch5-save-success-close-1.png,497-source-ch5-save-success-close-2.png
498-local-ch5-save-click,498-local-ch5-save-click-0.png,498-local-ch5-save-click-1.png,498-local-ch5-save-click-2.png
499-local-ch5-volume2,499-local-ch5-volume2-0.png,499-local-ch5-volume2-1.png,499-local-ch5-volume2-2.png
500-local-ch5-save-confirm,500-local-ch5-save-confirm-0.png,500-local-ch5-save-confirm-1.png,500-local-ch5-save-confirm-2.png
501-local-ch5-save-success-close,501-local-ch5-save-success-close-0.png,501-local-ch5-save-success-close-1.png,501-local-ch5-save-success-close-2.png
502-source-ch5-return-list,502-source-ch5-return-list-0.png,502-source-ch5-return-list-1.png,502-source-ch5-return-list-2.png
503-local-ch5-return-list,503-local-ch5-return-list-0.png,503-local-ch5-return-list-1.png,503-local-ch5-return-list-2.png
504-source-ch6-new-click,504-source-ch6-new-click-0.png,504-source-ch6-new-click-1.png,504-source-ch6-new-click-2.png
505-local-ch6-new-click,505-local-ch6-new-click-0.png,505-local-ch6-new-click-1.png,505-local-ch6-new-click-2.png
506-source-ch6-select-main,506-source-ch6-select-main-0.png,506-source-ch6-select-main-1.png,506-source-ch6-select-main-2.png
507-local-ch6-select-main,507-local-ch6-select-main-0.png,507-local-ch6-select-main-1.png,507-local-ch6-select-main-2.png
508-source-ch6-to-roles,508-source-ch6-to-roles-0.png,508-source-ch6-to-roles-1.png,508-source-ch6-to-roles-2.png
509-local-ch6-to-roles,509-local-ch6-to-roles-0.png,509-local-ch6-to-roles-1.png,509-local-ch6-to-roles-2.png
510-local-ch6-role-fix-reload,510-local-ch6-role-fix-reload-0.png,510-local-ch6-role-fix-reload-1.png,510-local-ch6-role-fix-reload-2.png
511-local-ch6-reopen-after-role-fix,511-local-ch6-reopen-after-role-fix-0.png,511-local-ch6-reopen-after-role-fix-1.png,511-local-ch6-reopen-after-role-fix-2.png
512-local-ch6-final-role-fix-reload,512-local-ch6-final-role-fix-reload-0.png,512-local-ch6-final-role-fix-reload-1.png,512-local-ch6-final-role-fix-reload-2.png
513-local-ch6-reopen-final-role-fix,513-local-ch6-reopen-final-role-fix-0.png,513-local-ch6-reopen-final-role-fix-1.png,513-local-ch6-reopen-final-role-fix-2.png
514-source-ch6-to-foreshadows,514-source-ch6-to-foreshadows-0.png,514-source-ch6-to-foreshadows-1.png,514-source-ch6-to-foreshadows-2.png
515-local-ch6-to-foreshadows,515-local-ch6-to-foreshadows-0.png,515-local-ch6-to-foreshadows-1.png,515-local-ch6-to-foreshadows-2.png
516-local-ch6-foreshadow-fix-reload,516-local-ch6-foreshadow-fix-reload-0.png,516-local-ch6-foreshadow-fix-reload-1.png,516-local-ch6-foreshadow-fix-reload-2.png
517-local-ch6-reopen-foreshadow-fix,517-local-ch6-reopen-foreshadow-fix-0.png,517-local-ch6-reopen-foreshadow-fix-1.png,517-local-ch6-reopen-foreshadow-fix-2.png
518-source-ch6-select-foreshadow,518-source-ch6-select-foreshadow-0.png,518-source-ch6-select-foreshadow-1.png,518-source-ch6-select-foreshadow-2.png
519-local-ch6-select-foreshadow,519-local-ch6-select-foreshadow-0.png,519-local-ch6-select-foreshadow-1.png,519-local-ch6-select-foreshadow-2.png
520-source-ch6-to-expectation,520-source-ch6-to-expectation-0.png,520-source-ch6-to-expectation-1.png,520-source-ch6-to-expectation-2.png
521-local-ch6-to-expectation,521-local-ch6-to-expectation-0.png,521-local-ch6-to-expectation-1.png,521-local-ch6-to-expectation-2.png
522-source-ch6-fill-expectation,522-source-ch6-fill-expectation-0.png,522-source-ch6-fill-expectation-1.png,522-source-ch6-fill-expectation-2.png
523-local-ch6-fill-expectation,523-local-ch6-fill-expectation-0.png,523-local-ch6-fill-expectation-1.png,523-local-ch6-fill-expectation-2.png
524-source-ch6-to-outline,524-source-ch6-to-outline-0.png,524-source-ch6-to-outline-1.png,524-source-ch6-to-outline-2.png
525-local-ch6-to-outline,525-local-ch6-to-outline-0.png,525-local-ch6-to-outline-1.png,525-local-ch6-to-outline-2.png
526-source-ch6-target-2000,526-source-ch6-target-2000-0.png,526-source-ch6-target-2000-1.png,526-source-ch6-target-2000-2.png
527-local-ch6-target-2000,527-local-ch6-target-2000-0.png,527-local-ch6-target-2000-1.png,527-local-ch6-target-2000-2.png
528-source-ch6-outline-generate-click,528-source-ch6-outline-generate-click-0.png,528-source-ch6-outline-generate-click-1.png,528-source-ch6-outline-generate-click-2.png
529-local-ch6-outline-generate-click,529-local-ch6-outline-generate-click-0.png,529-local-ch6-outline-generate-click-1.png,529-local-ch6-outline-generate-click-2.png
530-source-ch6-outline-confirm,530-source-ch6-outline-confirm-0.png,530-source-ch6-outline-confirm-1.png,530-source-ch6-outline-confirm-2.png
531-local-ch6-outline-confirm,531-local-ch6-outline-confirm-0.png,531-local-ch6-outline-confirm-1.png,531-local-ch6-outline-confirm-2.png
532-both-ch6-outline-results,532-both-ch6-outline-results-0.png,532-both-ch6-outline-results-1.png,532-both-ch6-outline-results-2.png
533-source-ch6-outline-next,533-source-ch6-outline-next-0.png,533-source-ch6-outline-next-1.png,533-source-ch6-outline-next-2.png
534-local-ch6-outline-next,534-local-ch6-outline-next-0.png,534-local-ch6-outline-next-1.png,534-local-ch6-outline-next-2.png
535-source-ch6-create,535-source-ch6-create-0.png,535-source-ch6-create-1.png,535-source-ch6-create-2.png
536-local-ch6-create,536-local-ch6-create-0.png,536-local-ch6-create-1.png,536-local-ch6-create-2.png
537-source-ch6-body-click,537-source-ch6-body-click-0.png,537-source-ch6-body-click-1.png,537-source-ch6-body-click-2.png
538-local-ch6-body-click,538-local-ch6-body-click-0.png,538-local-ch6-body-click-1.png,538-local-ch6-body-click-2.png
539-source-ch6-skip-assets,539-source-ch6-skip-assets-0.png,539-source-ch6-skip-assets-1.png,539-source-ch6-skip-assets-2.png
540-local-ch6-skip-assets,540-local-ch6-skip-assets-0.png,540-local-ch6-skip-assets-1.png,540-local-ch6-skip-assets-2.png
541-source-ch6-body-confirm,541-source-ch6-body-confirm-0.png,541-source-ch6-body-confirm-1.png,541-source-ch6-body-confirm-2.png
542-local-ch6-body-confirm,542-local-ch6-body-confirm-0.png,542-local-ch6-body-confirm-1.png,542-local-ch6-body-confirm-2.png
543-source-ch6-quota-cancel,543-source-ch6-quota-cancel-0.png,543-source-ch6-quota-cancel-1.png,543-source-ch6-quota-cancel-2.png
544-local-ch6-body-result-with-intelligence,544-local-ch6-body-result-with-intelligence-0.png,544-local-ch6-body-result-with-intelligence-1.png,544-local-ch6-body-result-with-intelligence-2.png
545-local-ch6-intelligence-close,545-local-ch6-intelligence-close-0.png,545-local-ch6-intelligence-close-1.png,545-local-ch6-intelligence-close-2.png
546-local-ch6-clean-final-body,546-local-ch6-clean-final-body-0.png,546-local-ch6-clean-final-body-1.png,546-local-ch6-clean-final-body-2.png
547-source-ch6-direct-fill-click,547-source-ch6-direct-fill-click-0.png,547-source-ch6-direct-fill-click-1.png,547-source-ch6-direct-fill-click-2.png
548-source-ch6-direct-fill-body,548-source-ch6-direct-fill-body-0.png,548-source-ch6-direct-fill-body-1.png,548-source-ch6-direct-fill-body-2.png
549-source-ch6-save-click,549-source-ch6-save-click-0.png,549-source-ch6-save-click-1.png,549-source-ch6-save-click-2.png
550-source-ch6-volume2,550-source-ch6-volume2-0.png,550-source-ch6-volume2-1.png,550-source-ch6-volume2-2.png
551-source-ch6-save-confirm,551-source-ch6-save-confirm-0.png,551-source-ch6-save-confirm-1.png,551-source-ch6-save-confirm-2.png
552-source-ch6-save-success-close,552-source-ch6-save-success-close-0.png,552-source-ch6-save-success-close-1.png,552-source-ch6-save-success-close-2.png
553-local-ch6-save-click,553-local-ch6-save-click-0.png,553-local-ch6-save-click-1.png,553-local-ch6-save-click-2.png
554-local-ch6-volume2,554-local-ch6-volume2-0.png,554-local-ch6-volume2-1.png,554-local-ch6-volume2-2.png
555-local-ch6-save-confirm,555-local-ch6-save-confirm-0.png,555-local-ch6-save-confirm-1.png,555-local-ch6-save-confirm-2.png
556-local-ch6-save-success-close,556-local-ch6-save-success-close-0.png,556-local-ch6-save-success-close-1.png,556-local-ch6-save-success-close-2.png
557-source-final-chapter-list,557-source-final-chapter-list-0.png,557-source-final-chapter-list-1.png,557-source-final-chapter-list-2.png
558-local-final-chapter-list,558-local-final-chapter-list-0.png,558-local-final-chapter-list-1.png,558-local-final-chapter-list-2.png
559-source-expand-volume1,559-source-expand-volume1-0.png,559-source-expand-volume1-1.png,559-source-expand-volume1-2.png
560-local-expand-volume1,560-local-expand-volume1-0.png,560-local-expand-volume1-1.png,560-local-expand-volume1-2.png
561-source-module-outline,561-source-module-outline-0.png,561-source-module-outline-1.png,561-source-module-outline-2.png
562-local-module-outline,562-local-module-outline-0.png,562-local-module-outline-1.png,562-local-module-outline-2.png
563-source-module-roles,563-source-module-roles-0.png,563-source-module-roles-1.png,563-source-module-roles-2.png
564-local-module-roles,564-local-module-roles-0.png,564-local-module-roles-1.png,564-local-module-roles-2.png
565-source-module-clues,565-source-module-clues-0.png,565-source-module-clues-1.png,565-source-module-clues-2.png
566-local-module-clues,566-local-module-clues-0.png,566-local-module-clues-1.png,566-local-module-clues-2.png
567-source-clues-support-tab,567-source-clues-support-tab-0.png,567-source-clues-support-tab-1.png,567-source-clues-support-tab-2.png
568-local-clues-support-tab,568-local-clues-support-tab-0.png,568-local-clues-support-tab-1.png,568-local-clues-support-tab-2.png
569-local-clues-fix-reload,569-local-clues-fix-reload-0.png,569-local-clues-fix-reload-1.png,569-local-clues-fix-reload-2.png
570-local-clues-support-fixed,570-local-clues-support-fixed-0.png,570-local-clues-support-fixed-1.png,570-local-clues-support-fixed-2.png
571-source-module-settings,571-source-module-settings-0.png,571-source-module-settings-1.png,571-source-module-settings-2.png
572-local-module-settings,572-local-module-settings-0.png,572-local-module-settings-1.png,572-local-module-settings-2.png
573-source-module-foreshadows,573-source-module-foreshadows-0.png,573-source-module-foreshadows-1.png,573-source-module-foreshadows-2.png
574-local-module-foreshadows,574-local-module-foreshadows-0.png,574-local-module-foreshadows-1.png,574-local-module-foreshadows-2.png
575-local-foreshadows-fixed-reload,575-local-foreshadows-fixed-reload-0.png,575-local-foreshadows-fixed-reload-1.png,575-local-foreshadows-fixed-reload-2.png
576-local-foreshadows-fixed,576-local-foreshadows-fixed-0.png,576-local-foreshadows-fixed-1.png,576-local-foreshadows-fixed-2.png
577-source-return-chapters-final,577-source-return-chapters-final-0.png,577-source-return-chapters-final-1.png,577-source-return-chapters-final-2.png
578-local-return-chapters-final,578-local-return-chapters-final-0.png,578-local-return-chapters-final-1.png,578-local-return-chapters-final-2.png
